walk,seed,generation,best_fitness,mean_fitness,worst_fitness
long_walk,1,0,1760.00,2435.20,2640.00
long_walk,1,1,1760.00,2216.60,2340.00
long_walk,1,2,1760.00,2143.80,2220.00
long_walk,1,3,1140.00,2037.20,2200.00
long_walk,1,4,680.00,1814.20,2040.00
long_walk,1,5,680.00,1570.40,1760.00
long_walk,1,6,680.00,1105.80,1720.00
long_walk,1,7,680.00,765.00,1140.00
long_walk,1,8,620.00,679.40,680.00
long_walk,1,9,620.00,678.80,680.00
long_walk,1,10,620.00,675.80,680.00
long_walk,1,11,620.00,667.40,680.00
long_walk,1,12,620.00,642.20,680.00
long_walk,1,13,620.00,620.00,620.00
long_walk,1,14,620.00,620.00,620.00
long_walk,1,15,600.00,619.80,620.00
long_walk,1,16,600.00,619.40,620.00
long_walk,1,17,600.00,617.20,620.00
long_walk,1,18,530.00,610.70,620.00
long_walk,1,19,530.00,597.90,600.00
long_walk,2,0,1680.00,2439.20,2640.00
long_walk,2,1,970.00,2197.00,2340.00
long_walk,2,2,970.00,2092.10,2220.00
long_walk,2,3,790.00,1838.90,2200.00
long_walk,2,4,440.00,1466.50,1720.00
long_walk,2,5,440.00,1020.00,1660.00
long_walk,2,6,440.00,767.40,970.00
long_walk,2,7,440.00,616.90,790.00
long_walk,2,8,440.00,440.00,440.00
long_walk,2,9,440.00,440.00,440.00
long_walk,2,10,440.00,440.00,440.00
long_walk,2,11,440.00,440.00,440.00
long_walk,2,12,440.00,440.00,440.00
long_walk,2,13,420.00,439.80,440.00
long_walk,2,14,420.00,439.80,440.00
long_walk,2,15,360.00,438.60,440.00
long_walk,2,16,360.00,436.80,440.00
long_walk,2,17,360.00,431.00,440.00
long_walk,2,18,360.00,417.00,440.00
long_walk,2,19,360.00,401.40,420.00
long_walk,3,0,2000.00,2437.20,2640.00
long_walk,3,1,1140.00,2212.40,2360.00
long_walk,3,2,1140.00,2084.50,2200.00
long_walk,3,3,1120.00,1813.40,2200.00
long_walk,3,4,1120.00,1260.00,1840.00
long_walk,3,5,1120.00,1129.80,1140.00
long_walk,3,6,1120.00,1120.00,1120.00
long_walk,3,7,960.00,1118.40,1120.00
long_walk,3,8,630.00,1107.10,1120.00
long_walk,3,9,630.00,1073.40,1120.00
long_walk,3,10,440.00,995.40,1120.00
long_walk,3,11,440.00,871.20,960.00
long_walk,3,12,440.00,697.70,960.00
long_walk,3,13,440.00,594.00,630.00
long_walk,3,14,440.00,529.20,630.00
long_walk,3,15,440.00,440.00,440.00
long_walk,3,16,440.00,440.00,440.00
long_walk,3,17,360.00,439.00,440.00
long_walk,3,18,360.00,437.00,440.00
long_walk,3,19,360.00,427.80,440.00
long_walk,4,0,1260.00,2467.60,2640.00
long_walk,4,1,1180.00,2236.20,2340.00
long_walk,4,2,1120.00,2096.40,2220.00
long_walk,4,3,1120.00,1842.80,2200.00
long_walk,4,4,1120.00,1223.00,1660.00
long_walk,4,5,1120.00,1136.00,1180.00
long_walk,4,6,960.00,1118.40,1120.00
long_walk,4,7,960.00,1115.20,1120.00
long_walk,4,8,900.00,1095.60,1120.00
long_walk,4,9,900.00,1046.00,1120.00
long_walk,4,10,420.00,924.50,960.00
long_walk,4,11,420.00,818.50,960.00
long_walk,4,12,420.00,656.30,880.00
long_walk,4,13,360.00,423.60,630.00
long_walk,4,14,360.00,418.80,420.00
long_walk,4,15,360.00,417.00,420.00
long_walk,4,16,360.00,412.80,420.00
long_walk,4,17,360.00,400.80,420.00
long_walk,4,18,360.00,367.80,420.00
long_walk,4,19,360.00,360.00,360.00
long_walk,5,0,2000.00,2430.00,2640.00
long_walk,5,1,2000.00,2220.60,2340.00
long_walk,5,2,1840.00,2178.40,2200.00
long_walk,5,3,1400.00,2090.60,2200.00
long_walk,5,4,1400.00,1874.00,2000.00
long_walk,5,5,720.00,1640.00,1840.00
long_walk,5,6,720.00,1425.00,1660.00
long_walk,5,7,720.00,1264.40,1400.00
long_walk,5,8,660.00,995.80,1280.00
long_walk,5,9,620.00,717.00,820.00
long_walk,5,10,620.00,702.00,720.00
long_walk,5,11,620.00,672.60,720.00
long_walk,5,12,540.00,647.40,660.00
long_walk,5,13,460.00,622.60,660.00
long_walk,5,14,460.00,598.40,620.00
long_walk,5,15,420.00,557.40,620.00
long_walk,5,16,420.00,510.20,540.00
long_walk,5,17,420.00,471.80,500.00
long_walk,5,18,420.00,445.40,460.00
long_walk,5,19,420.00,427.20,460.00
long_walk,6,0,1660.00,2439.60,2640.00
long_walk,6,1,1660.00,2188.20,2260.00
long_walk,6,2,1660.00,2092.00,2200.00
long_walk,6,3,720.00,1759.40,2200.00
long_walk,6,4,720.00,1521.40,1660.00
long_walk,6,5,720.00,1213.50,1660.00
long_walk,6,6,720.00,746.50,1070.00
long_walk,6,7,720.00,720.00,720.00
long_walk,6,8,720.00,720.00,720.00
long_walk,6,9,720.00,720.00,720.00
long_walk,6,10,620.00,719.00,720.00
long_walk,6,11,620.00,716.00,720.00
long_walk,6,12,620.00,712.00,720.00
long_walk,6,13,540.00,687.80,720.00
long_walk,6,14,540.00,626.60,720.00
long_walk,6,15,540.00,601.00,620.00
long_walk,6,16,500.00,569.80,620.00
long_walk,6,17,500.00,539.60,540.00
long_walk,6,18,500.00,537.20,540.00
long_walk,6,19,460.00,530.00,540.00
long_walk,7,0,1260.00,2445.10,2640.00
long_walk,7,1,1180.00,2199.70,2360.00
long_walk,7,2,1120.00,2025.60,2200.00
long_walk,7,3,1120.00,1619.10,2200.00
long_walk,7,4,1120.00,1192.00,1260.00
long_walk,7,5,1120.00,1125.60,1180.00
long_walk,7,6,1120.00,1120.00,1120.00
long_walk,7,7,420.00,1113.00,1120.00
long_walk,7,8,420.00,1075.40,1120.00
long_walk,7,9,360.00,995.00,1120.00
long_walk,7,10,360.00,752.40,1120.00
long_walk,7,11,360.00,415.80,420.00
long_walk,7,12,360.00,410.40,420.00
long_walk,7,13,360.00,388.80,420.00
long_walk,7,14,360.00,360.00,360.00
long_walk,7,15,360.00,360.00,360.00
long_walk,7,16,360.00,360.00,360.00
long_walk,7,17,360.00,360.00,360.00
long_walk,7,18,360.00,360.00,360.00
long_walk,7,19,360.00,360.00,360.00
long_walk,8,0,2180.00,2458.60,2640.00
long_walk,8,1,2180.00,2247.40,2340.00
long_walk,8,2,1880.00,2193.00,2220.00
long_walk,8,3,1840.00,2153.80,2200.00
long_walk,8,4,1280.00,2074.60,2180.00
long_walk,8,5,1200.00,1911.90,2020.00
long_walk,8,6,720.00,1666.60,1880.00
long_walk,8,7,720.00,1360.20,1660.00
long_walk,8,8,720.00,1142.40,1400.00
long_walk,8,9,560.00,882.40,1200.00
long_walk,8,10,360.00,711.40,780.00
long_walk,8,11,360.00,683.30,720.00
long_walk,8,12,360.00,601.50,720.00
long_walk,8,13,360.00,432.20,560.00
long_walk,8,14,360.00,360.00,360.00
long_walk,8,15,360.00,360.00,360.00
long_walk,8,16,360.00,360.00,360.00
long_walk,8,17,360.00,360.00,360.00
long_walk,8,18,360.00,360.00,360.00
long_walk,8,19,360.00,360.00,360.00
long_walk,9,0,2200.00,2447.00,2640.00
long_walk,9,1,2040.00,2247.80,2360.00
long_walk,9,2,2040.00,2197.00,2220.00
long_walk,9,3,960.00,2170.00,2200.00
long_walk,9,4,960.00,2063.30,2200.00
long_walk,9,5,860.00,1871.00,2040.00
long_walk,9,6,420.00,1496.60,2040.00
long_walk,9,7,420.00,871.60,1120.00
long_walk,9,8,420.00,638.80,960.00
long_walk,9,9,420.00,420.00,420.00
long_walk,9,10,420.00,420.00,420.00
long_walk,9,11,420.00,420.00,420.00
long_walk,9,12,420.00,420.00,420.00
long_walk,9,13,420.00,420.00,420.00
long_walk,9,14,420.00,420.00,420.00
long_walk,9,15,420.00,420.00,420.00
long_walk,9,16,420.00,420.00,420.00
long_walk,9,17,420.00,420.00,420.00
long_walk,9,18,360.00,419.40,420.00
long_walk,9,19,360.00,418.20,420.00
long_walk,10,0,2200.00,2456.20,2640.00
long_walk,10,1,1180.00,2217.40,2340.00
long_walk,10,2,1120.00,2089.40,2220.00
long_walk,10,3,620.00,1832.40,2200.00
long_walk,10,4,620.00,1237.80,2040.00
long_walk,10,5,620.00,1096.40,1180.00
long_walk,10,6,620.00,942.20,1140.00
long_walk,10,7,420.00,678.40,980.00
long_walk,10,8,420.00,610.20,620.00
long_walk,10,9,420.00,585.40,620.00
long_walk,10,10,420.00,529.40,620.00
long_walk,10,11,420.00,426.00,480.00
long_walk,10,12,400.00,419.80,420.00
long_walk,10,13,400.00,419.60,420.00
long_walk,10,14,360.00,417.80,420.00
long_walk,10,15,360.00,414.20,420.00
long_walk,10,16,360.00,405.40,420.00
long_walk,10,17,360.00,391.20,400.00
long_walk,10,18,360.00,376.80,400.00
long_walk,10,19,360.00,360.00,360.00
short_walk,1,0,300.00,698.60,880.00
short_walk,1,1,300.00,469.20,640.00
short_walk,1,2,300.00,414.00,440.00
short_walk,1,3,260.00,361.80,440.00
short_walk,1,4,260.00,313.60,340.00
short_walk,1,5,40.00,289.80,300.00
short_walk,1,6,40.00,267.80,300.00
short_walk,1,7,40.00,238.20,260.00
short_walk,1,8,40.00,199.40,260.00
short_walk,1,9,40.00,130.60,220.00
short_walk,1,10,40.00,40.00,40.00
short_walk,1,11,40.00,40.00,40.00
short_walk,1,12,40.00,40.00,40.00
short_walk,1,13,40.00,40.00,40.00
short_walk,1,14,40.00,40.00,40.00
short_walk,1,15,40.00,40.00,40.00
short_walk,1,16,40.00,40.00,40.00
short_walk,1,17,40.00,40.00,40.00
short_walk,1,18,40.00,40.00,40.00
short_walk,1,19,40.00,40.00,40.00
short_walk,2,0,300.00,706.40,880.00
short_walk,2,1,300.00,488.10,640.00
short_walk,2,2,300.00,429.40,440.00
short_walk,2,3,260.00,394.60,440.00
short_walk,2,4,260.00,323.40,380.00
short_walk,2,5,260.00,292.40,300.00
short_walk,2,6,210.00,277.50,300.00
short_walk,2,7,210.00,259.00,260.00
short_walk,2,8,210.00,257.50,260.00
short_walk,2,9,210.00,252.00,260.00
short_walk,2,10,150.00,230.80,260.00
short_walk,2,11,150.00,206.40,210.00
short_walk,2,12,150.00,202.20,210.00
short_walk,2,13,150.00,188.40,210.00
short_walk,2,14,150.00,153.00,210.00
short_walk,2,15,40.00,148.80,150.00
short_walk,2,16,40.00,145.50,150.00
short_walk,2,17,40.00,134.30,150.00
short_walk,2,18,40.00,97.60,150.00
short_walk,2,19,40.00,40.00,40.00
short_walk,3,0,300.00,705.80,880.00
short_walk,3,1,300.00,514.20,660.00
short_walk,3,2,140.00,431.00,500.00
short_walk,3,3,140.00,379.80,440.00
short_walk,3,4,140.00,246.20,360.00
short_walk,3,5,80.00,146.40,260.00
short_walk,3,6,80.00,137.60,140.00
short_walk,3,7,80.00,131.60,140.00
short_walk,3,8,80.00,116.00,140.00
short_walk,3,9,80.00,80.00,80.00
short_walk,3,10,80.00,80.00,80.00
short_walk,3,11,80.00,80.00,80.00
short_walk,3,12,80.00,80.00,80.00
short_walk,3,13,80.00,80.00,80.00
short_walk,3,14,80.00,80.00,80.00
short_walk,3,15,80.00,80.00,80.00
short_walk,3,16,80.00,80.00,80.00
short_walk,3,17,80.00,80.00,80.00
short_walk,3,18,80.00,80.00,80.00
short_walk,3,19,80.00,80.00,80.00
short_walk,4,0,440.00,737.00,880.00
short_walk,4,1,440.00,510.00,640.00
short_walk,4,2,260.00,432.20,440.00
short_walk,4,3,260.00,410.80,440.00
short_walk,4,4,260.00,350.60,440.00
short_walk,4,5,260.00,264.00,300.00
short_walk,4,6,260.00,260.00,260.00
short_walk,4,7,260.00,260.00,260.00
short_walk,4,8,260.00,260.00,260.00
short_walk,4,9,260.00,260.00,260.00
short_walk,4,10,260.00,260.00,260.00
short_walk,4,11,80.00,258.20,260.00
short_walk,4,12,40.00,247.00,260.00
short_walk,4,13,40.00,222.80,260.00
short_walk,4,14,40.00,160.80,260.00
short_walk,4,15,40.00,65.60,80.00
short_walk,4,16,40.00,43.60,80.00
short_walk,4,17,40.00,40.00,40.00
short_walk,4,18,40.00,40.00,40.00
short_walk,4,19,40.00,40.00,40.00
short_walk,5,0,300.00,698.80,880.00
short_walk,5,1,300.00,497.80,640.00
short_walk,5,2,80.00,430.20,500.00
short_walk,5,3,80.00,375.60,440.00
short_walk,5,4,80.00,233.40,300.00
short_walk,5,5,80.00,115.80,280.00
short_walk,5,6,80.00,80.00,80.00
short_walk,5,7,80.00,80.00,80.00
short_walk,5,8,80.00,80.00,80.00
short_walk,5,9,80.00,80.00,80.00
short_walk,5,10,80.00,80.00,80.00
short_walk,5,11,80.00,80.00,80.00
short_walk,5,12,80.00,80.00,80.00
short_walk,5,13,80.00,80.00,80.00
short_walk,5,14,80.00,80.00,80.00
short_walk,5,15,80.00,80.00,80.00
short_walk,5,16,80.00,80.00,80.00
short_walk,5,17,80.00,80.00,80.00
short_walk,5,18,80.00,80.00,80.00
short_walk,5,19,80.00,80.00,80.00
short_walk,6,0,360.00,708.00,880.00
short_walk,6,1,360.00,477.80,520.00
short_walk,6,2,360.00,422.60,440.00
short_walk,6,3,300.00,375.80,440.00
short_walk,6,4,300.00,351.20,360.00
short_walk,6,5,260.00,331.00,360.00
short_walk,6,6,260.00,298.80,300.00
short_walk,6,7,260.00,297.60,300.00
short_walk,6,8,260.00,291.20,300.00
short_walk,6,9,80.00,272.20,300.00
short_walk,6,10,80.00,254.60,260.00
short_walk,6,11,80.00,245.20,260.00
short_walk,6,12,80.00,213.80,260.00
short_walk,6,13,80.00,121.00,260.00
short_walk,6,14,80.00,80.00,80.00
short_walk,6,15,80.00,80.00,80.00
short_walk,6,16,80.00,80.00,80.00
short_walk,6,17,80.00,80.00,80.00
short_walk,6,18,80.00,80.00,80.00
short_walk,6,19,80.00,80.00,80.00
short_walk,7,0,440.00,712.70,880.00
short_walk,7,1,380.00,488.40,640.00
short_walk,7,2,80.00,433.40,440.00
short_walk,7,3,80.00,414.00,440.00
short_walk,7,4,80.00,356.30,440.00
short_walk,7,5,80.00,241.90,380.00
short_walk,7,6,80.00,87.20,160.00
short_walk,7,7,80.00,80.00,80.00
short_walk,7,8,80.00,80.00,80.00
short_walk,7,9,80.00,80.00,80.00
short_walk,7,10,80.00,80.00,80.00
short_walk,7,11,80.00,80.00,80.00
short_walk,7,12,80.00,80.00,80.00
short_walk,7,13,40.00,79.60,80.00
short_walk,7,14,40.00,78.80,80.00
short_walk,7,15,40.00,77.60,80.00
short_walk,7,16,40.00,72.80,80.00
short_walk,7,17,40.00,59.60,80.00
short_walk,7,18,40.00,40.00,40.00
short_walk,7,19,40.00,40.00,40.00
short_walk,8,0,440.00,718.20,880.00
short_walk,8,1,320.00,505.00,640.00
short_walk,8,2,320.00,435.20,440.00
short_walk,8,3,320.00,423.20,440.00
short_walk,8,4,260.00,386.20,440.00
short_walk,8,5,140.00,308.80,320.00
short_walk,8,6,140.00,284.80,320.00
short_walk,8,7,80.00,244.60,260.00
short_walk,8,8,80.00,204.80,260.00
short_walk,8,9,80.00,123.80,140.00
short_walk,8,10,80.00,90.20,140.00
short_walk,8,11,80.00,80.00,80.00
short_walk,8,12,80.00,80.00,80.00
short_walk,8,13,80.00,80.00,80.00
short_walk,8,14,80.00,80.00,80.00
short_walk,8,15,80.00,80.00,80.00
short_walk,8,16,80.00,80.00,80.00
short_walk,8,17,80.00,80.00,80.00
short_walk,8,18,80.00,80.00,80.00
short_walk,8,19,80.00,80.00,80.00
short_walk,9,0,440.00,710.20,880.00
short_walk,9,1,440.00,516.00,640.00
short_walk,9,2,440.00,441.20,500.00
short_walk,9,3,440.00,440.00,440.00
short_walk,9,4,80.00,435.00,440.00
short_walk,9,5,80.00,420.40,440.00
short_walk,9,6,80.00,369.20,440.00
short_walk,9,7,80.00,228.40,440.00
short_walk,9,8,80.00,80.00,80.00
short_walk,9,9,80.00,80.00,80.00
short_walk,9,10,80.00,80.00,80.00
short_walk,9,11,80.00,80.00,80.00
short_walk,9,12,80.00,80.00,80.00
short_walk,9,13,80.00,80.00,80.00
short_walk,9,14,80.00,80.00,80.00
short_walk,9,15,80.00,80.00,80.00
short_walk,9,16,80.00,80.00,80.00
short_walk,9,17,80.00,80.00,80.00
short_walk,9,18,80.00,80.00,80.00
short_walk,9,19,80.00,80.00,80.00
short_walk,10,0,440.00,715.60,880.00
short_walk,10,1,440.00,507.00,640.00
short_walk,10,2,320.00,438.80,440.00
short_walk,10,3,80.00,426.20,440.00
short_walk,10,4,80.00,399.60,440.00
short_walk,10,5,80.00,325.40,440.00
short_walk,10,6,80.00,217.20,300.00
short_walk,10,7,80.00,113.30,260.00
short_walk,10,8,80.00,80.00,80.00
short_walk,10,9,80.00,80.00,80.00
short_walk,10,10,80.00,80.00,80.00
short_walk,10,11,80.00,80.00,80.00
short_walk,10,12,80.00,80.00,80.00
short_walk,10,13,80.00,80.00,80.00
short_walk,10,14,80.00,80.00,80.00
short_walk,10,15,80.00,80.00,80.00
short_walk,10,16,80.00,80.00,80.00
short_walk,10,17,80.00,80.00,80.00
short_walk,10,18,80.00,80.00,80.00
short_walk,10,19,80.00,80.00,80.00
triangle_walk,1,0,1460.00,2084.40,2200.00
triangle_walk,1,1,1220.00,1844.60,2000.00
triangle_walk,1,2,1220.00,1682.60,1760.00
triangle_walk,1,3,700.00,1525.00,1760.00
triangle_walk,1,4,700.00,1316.80,1520.00
triangle_walk,1,5,680.00,1105.20,1220.00
triangle_walk,1,6,520.00,864.40,1220.00
triangle_walk,1,7,520.00,688.40,700.00
triangle_walk,1,8,460.00,671.80,700.00
triangle_walk,1,9,460.00,655.00,680.00
triangle_walk,1,10,460.00,607.00,680.00
triangle_walk,1,11,280.00,520.60,640.00
triangle_walk,1,12,280.00,478.60,520.00
triangle_walk,1,13,280.00,458.20,460.00
triangle_walk,1,14,280.00,456.40,460.00
triangle_walk,1,15,280.00,451.70,460.00
triangle_walk,1,16,280.00,438.70,460.00
triangle_walk,1,17,280.00,403.30,460.00
triangle_walk,1,18,280.00,342.30,460.00
triangle_walk,1,19,280.00,280.00,280.00
triangle_walk,2,0,1220.00,2057.00,2200.00
triangle_walk,2,1,1080.00,1786.60,2000.00
triangle_walk,2,2,1080.00,1571.60,1760.00
triangle_walk,2,3,520.00,1276.50,1620.00
triangle_walk,2,4,520.00,1126.40,1220.00
triangle_walk,2,5,520.00,955.80,1220.00
triangle_walk,2,6,460.00,663.00,880.00
triangle_walk,2,7,460.00,519.40,520.00
triangle_walk,2,8,460.00,518.20,520.00
triangle_walk,2,9,460.00,516.40,520.00
triangle_walk,2,10,460.00,509.20,520.00
triangle_walk,2,11,460.00,492.40,520.00
triangle_walk,2,12,370.00,459.10,460.00
triangle_walk,2,13,370.00,457.30,460.00
triangle_walk,2,14,370.00,450.10,460.00
triangle_walk,2,15,370.00,433.00,460.00
triangle_walk,2,16,370.00,397.00,460.00
triangle_walk,2,17,370.00,370.00,370.00
triangle_walk,2,18,350.00,369.80,370.00
triangle_walk,2,19,240.00,367.30,370.00
triangle_walk,3,0,1640.00,2060.20,2200.00
triangle_walk,3,1,680.00,1804.00,2000.00
triangle_walk,3,2,680.00,1654.40,1760.00
triangle_walk,3,3,680.00,1485.20,1760.00
triangle_walk,3,4,680.00,1008.40,1460.00
triangle_walk,3,5,680.00,680.00,680.00
triangle_walk,3,6,680.00,680.00,680.00
triangle_walk,3,7,680.00,680.00,680.00
triangle_walk,3,8,680.00,680.00,680.00
triangle_walk,3,9,680.00,680.00,680.00
triangle_walk,3,10,680.00,680.00,680.00
triangle_walk,3,11,680.00,680.00,680.00
triangle_walk,3,12,680.00,680.00,680.00
triangle_walk,3,13,520.00,678.00,680.00
triangle_walk,3,14,520.00,671.60,680.00
triangle_walk,3,15,520.00,656.40,680.00
triangle_walk,3,16,520.00,600.40,680.00
triangle_walk,3,17,520.00,520.00,520.00
triangle_walk,3,18,280.00,517.60,520.00
triangle_walk,3,19,280.00,512.80,520.00
triangle_walk,4,0,920.00,2071.20,2200.00
triangle_walk,4,1,920.00,1807.40,2000.00
triangle_walk,4,2,680.00,1689.20,1760.00
triangle_walk,4,3,680.00,1484.00,1760.00
triangle_walk,4,4,680.00,880.50,1100.00
triangle_walk,4,5,640.00,679.60,680.00
triangle_walk,4,6,640.00,679.20,680.00
triangle_walk,4,7,640.00,678.40,680.00
triangle_walk,4,8,640.00,673.60,680.00
triangle_walk,4,9,460.00,658.80,680.00
triangle_walk,4,10,460.00,629.20,640.00
triangle_walk,4,11,280.00,593.20,640.00
triangle_walk,4,12,280.00,509.20,640.00
triangle_walk,4,13,280.00,431.20,460.00
triangle_walk,4,14,280.00,391.60,460.00
triangle_walk,4,15,280.00,308.80,460.00
triangle_walk,4,16,280.00,280.00,280.00
triangle_walk,4,17,280.00,280.00,280.00
triangle_walk,4,18,280.00,280.00,280.00
triangle_walk,4,19,280.00,280.00,280.00
triangle_walk,5,0,1400.00,2078.90,2200.00
triangle_walk,5,1,1400.00,1840.20,2110.00
triangle_walk,5,2,1220.00,1680.20,1760.00
triangle_walk,5,3,1220.00,1542.80,1760.00
triangle_walk,5,4,1220.00,1390.40,1400.00
triangle_walk,5,5,680.00,1353.40,1400.00
triangle_walk,5,6,680.00,1243.80,1400.00
triangle_walk,5,7,640.00,1046.20,1220.00
triangle_walk,5,8,640.00,755.20,1080.00
triangle_walk,5,9,640.00,675.20,680.00
triangle_walk,5,10,640.00,666.00,680.00
triangle_walk,5,11,640.00,645.60,680.00
triangle_walk,5,12,640.00,640.00,640.00
triangle_walk,5,13,460.00,634.60,640.00
triangle_walk,5,14,460.00,614.80,640.00
triangle_walk,5,15,460.00,566.20,640.00
triangle_walk,5,16,460.00,460.00,460.00
triangle_walk,5,17,460.00,460.00,460.00
triangle_walk,5,18,460.00,460.00,460.00
triangle_walk,5,19,460.00,460.00,460.00
triangle_walk,6,0,1760.00,2084.60,2200.00
triangle_walk,6,1,1760.00,1827.00,2000.00
triangle_walk,6,2,1100.00,1744.40,1760.00
triangle_walk,6,3,1100.00,1703.60,1760.00
triangle_walk,6,4,680.00,1529.60,1760.00
triangle_walk,6,5,680.00,1188.80,1460.00
triangle_walk,6,6,640.00,1022.20,1100.00
triangle_walk,6,7,640.00,874.00,1100.00
triangle_walk,6,8,520.00,673.20,680.00
triangle_walk,6,9,520.00,658.00,680.00
triangle_walk,6,10,520.00,626.80,640.00
triangle_walk,6,11,460.00,596.20,640.00
triangle_walk,6,12,460.00,532.00,640.00
triangle_walk,6,13,280.00,514.00,520.00
triangle_walk,6,14,280.00,502.60,520.00
triangle_walk,6,15,280.00,473.20,520.00
triangle_walk,6,16,280.00,424.00,460.00
triangle_walk,6,17,280.00,368.20,460.00
triangle_walk,6,18,280.00,280.00,280.00
triangle_walk,6,19,280.00,280.00,280.00
triangle_walk,7,0,1760.00,2051.00,2200.00
triangle_walk,7,1,680.00,1792.80,2000.00
triangle_walk,7,2,680.00,1678.80,1760.00
triangle_walk,7,3,680.00,1507.20,1760.00
triangle_walk,7,4,680.00,1029.10,1400.00
triangle_walk,7,5,680.00,680.00,680.00
triangle_walk,7,6,680.00,680.00,680.00
triangle_walk,7,7,680.00,680.00,680.00
triangle_walk,7,8,640.00,679.60,680.00
triangle_walk,7,9,640.00,678.40,680.00
triangle_walk,7,10,640.00,674.40,680.00
triangle_walk,7,11,460.00,660.60,680.00
triangle_walk,7,12,460.00,632.80,640.00
triangle_walk,7,13,460.00,618.40,640.00
triangle_walk,7,14,460.00,577.00,640.00
triangle_walk,7,15,460.00,467.20,640.00
triangle_walk,7,16,280.00,458.20,460.00
triangle_walk,7,17,280.00,456.40,460.00
triangle_walk,7,18,280.00,451.00,460.00
triangle_walk,7,19,280.00,445.60,460.00
triangle_walk,8,0,920.00,2074.20,2200.00
triangle_walk,8,1,920.00,1792.40,2000.00
triangle_walk,8,2,680.00,1571.00,1760.00
triangle_walk,8,3,680.00,1171.90,1760.00
triangle_walk,8,4,680.00,864.80,920.00
triangle_walk,8,5,680.00,754.40,920.00
triangle_walk,8,6,680.00,680.00,680.00
triangle_walk,8,7,680.00,680.00,680.00
triangle_walk,8,8,520.00,678.40,680.00
triangle_walk,8,9,520.00,673.60,680.00
triangle_walk,8,10,520.00,659.20,680.00
triangle_walk,8,11,520.00,612.80,680.00
triangle_walk,8,12,520.00,522.20,680.00
triangle_walk,8,13,460.00,518.80,520.00
triangle_walk,8,14,280.00,511.00,520.00
triangle_walk,8,15,280.00,483.80,520.00
triangle_walk,8,16,280.00,420.80,520.00
triangle_walk,8,17,240.00,299.40,460.00
triangle_walk,8,18,240.00,277.60,280.00
triangle_walk,8,19,240.00,270.00,280.00
triangle_walk,9,0,1760.00,2115.40,2200.00
triangle_walk,9,1,680.00,1924.80,2180.00
triangle_walk,9,2,680.00,1714.40,1760.00
triangle_walk,9,3,680.00,1560.20,1760.00
triangle_walk,9,4,680.00,1097.00,1760.00
triangle_walk,9,5,680.00,680.00,680.00
triangle_walk,9,6,680.00,680.00,680.00
triangle_walk,9,7,680.00,680.00,680.00
triangle_walk,9,8,680.00,680.00,680.00
triangle_walk,9,9,640.00,679.60,680.00
triangle_walk,9,10,640.00,678.80,680.00
triangle_walk,9,11,640.00,674.40,680.00
triangle_walk,9,12,640.00,664.80,680.00
triangle_walk,9,13,640.00,640.00,640.00
triangle_walk,9,14,480.00,636.80,640.00
triangle_walk,9,15,460.00,633.40,640.00
triangle_walk,9,16,460.00,617.80,640.00
triangle_walk,9,17,460.00,558.20,640.00
triangle_walk,9,18,460.00,466.40,480.00
triangle_walk,9,19,460.00,460.00,460.00
triangle_walk,10,0,1400.00,2042.00,2200.00
triangle_walk,10,1,680.00,1770.00,2000.00
triangle_walk,10,2,680.00,1655.80,1760.00
triangle_walk,10,3,680.00,1434.00,1760.00
triangle_walk,10,4,680.00,925.60,1580.00
triangle_walk,10,5,680.00,680.00,680.00
triangle_walk,10,6,680.00,680.00,680.00
triangle_walk,10,7,680.00,680.00,680.00
triangle_walk,10,8,680.00,680.00,680.00
triangle_walk,10,9,680.00,680.00,680.00
triangle_walk,10,10,640.00,679.60,680.00
triangle_walk,10,11,520.00,674.40,680.00
triangle_walk,10,12,520.00,663.60,680.00
triangle_walk,10,13,520.00,640.40,680.00
triangle_walk,10,14,460.00,585.40,640.00
triangle_walk,10,15,460.00,517.60,520.00
triangle_walk,10,16,280.00,510.40,520.00
triangle_walk,10,17,280.00,489.40,520.00
triangle_walk,10,18,280.00,444.40,520.00
triangle_walk,10,19,280.00,416.80,460.00
